ts,global,platform,gap
2026-09-28T18:19:57+00:00,4027.0,4029.5,6.0
2026-09-28T18:19:57+00:00,4027.1,4029.52,6.0
2026-09-28T18:19:57+00:00,4027.2,4029.54,6.0
2026-09-28T18:19:57+00:00,4027.2999999999997,4029.56,6.0
2026-09-28T18:19:57+00:00,4027.3999999999996,4029.58,6.0
2026-09-28T18:19:57+00:00,4027.4999999999995,4029.6,6.0
2026-09-28T18:19:57+00:00,4027.5999999999995,4029.62,6.0
2026-09-28T18:19:57+00:00,4027.6999999999994,4029.64,6.0
2026-09-28T18:19:57+00:00,4027.7999999999993,4029.66,6.0
2026-09-28T18:19:57+00:00,4027.899999999999,4029.68,6.0
2026-09-28T18:19:57+00:00,4027.999999999999,4029.7,6.0
2026-09-28T18:19:57+00:00,4028.099999999999,4029.72,6.0
2026-09-28T18:19:57+00:00,4028.199999999999,4029.74,6.0
2026-09-28T18:19:57+00:00,4028.299999999999,4029.7599999999998,6.0
2026-09-28T18:19:57+00:00,4028.3999999999987,4029.7799999999997,6.0
2026-09-28T18:19:57+00:00,4028.4999999999986,4029.7999999999997,6.0
2026-09-28T18:19:57+00:00,4028.5999999999985,4029.8199999999997,6.0
2026-09-28T18:19:57+00:00,4028.6999999999985,4029.8399999999997,6.0
2026-09-28T18:19:57+00:00,4028.7999999999984,4029.8599999999997,6.0
2026-09-28T18:19:57+00:00,4028.8999999999983,4029.8799999999997,6.0
2026-09-28T18:19:57+00:00,4028.999999999998,4029.8999999999996,6.0
2026-09-28T18:19:57+00:00,4029.099999999998,4029.9199999999996,6.0
2026-09-28T18:19:57+00:00,4029.199999999998,4029.9399999999996,6.0
2026-09-28T18:19:57+00:00,4029.299999999998,4029.9599999999996,6.0
2026-09-28T18:19:57Z,4036.0,4029.995,-6.01
2026-09-28T18:20:04Z,4039.5,4033.495,-6.01
2026-09-28T18:20:07Z,4033.0,4026.995,-6.01
