ts_open,ts_close,side,entry_gap,close_gap,entry_price,close_price,pnl_units,pnl_usd,reason
2026-08-31T15:38:37Z,2026-08-31T15:42:56Z,BUY,-3.5649999999996,-0.9899999999997817,,4430.01,0.4,0.4,stopped_or_external
2026-08-31T15:43:41Z,2026-08-31T15:48:20Z,BUY,-4.125195000000531,1.169804999999542,,4431.87,2.45,2.45,stopped_or_external
2026-08-31T15:52:42Z,2026-08-31T16:24:55Z,BUY,-3.6599020000003293,-1.0950979999997799,,4435.505,6.66,6.66,stopped_or_external
2026-08-31T17:02:21Z,2026-08-31T17:09:07Z,BUY,-0.06019500000002154,-1.8299999999999272,,4431.17,-3.16,-3.16,stopped_or_external
2026-08-31T17:10:43Z,2026-08-31T17:52:55Z,BUY,-0.07990200000040204,-2.100194999999985,,4438.6,5.56,5.56,stopped_or_external
2026-08-31T18:29:50Z,2026-08-31T18:33:29Z,BUY,-2.6098050000000512,-2214.9699020000003,,2213.43,-3.41,-3.41,stopped_or_external
,2026-08-31T18:40:21Z,,,0.010000000000218279,,4429.01,-2.88,-2.88,stopped_or_external
,2026-08-31T18:54:52Z,,,-1.5701950000002398,,4433.63,1.05,1.05,stopped_or_external
,2026-08-31T19:56:26Z,,,-1.9399020000000746,,4448.96,5.54,5.54,stopped_or_external
2026-08-31T19:56:43Z,2026-09-01T17:49:39Z,1,-2.6399019999998927,-0.4399020000000746,,4343.46,-108.01,-108.01,trailing
,2026-09-01T18:45:31Z,,,-0.5101950000007491,,4330.19,-121.14,-121.14,stopped_or_external
2026-09-04T20:37:19Z,2026-09-04T20:37:26Z,BUY,-1.860,-1.930,4429.940,4429.870,-0.07,-0.070,0,-0.070,state-force-close
2026-09-08T22:01:15Z,2026-09-09T18:28:12Z,BUY,-0.855,-0.850,4355.845,4417.450,61.6,61.600,0,61.600,state-force-close
2026-09-09T18:56:21Z,2026-09-09T18:56:36Z,2,-0.925,-3.800,4405.675,4403.500,-2.26,-2.260,0.080,-2.260,max_loss
2026-09-09T19:16:47Z,2026-09-09T19:18:00Z,2,-1.870,-0.960,4399.530,4399.640,0.03,0.030,0.080,0.030,trailing
2026-09-09T19:38:02Z,2026-09-09T19:40:05Z,2,-1.690,-0.690,4395.910,4397.410,1.42,1.420,0.080,1.420,trailing
2026-09-09T20:00:08Z,2026-09-09T20:00:42Z,2,-1.035,-2.100,4398.565,4398.100,-0.54,-0.540,0.080,-0.540,trailing
2026-09-09T20:20:46Z,2026-09-09T20:21:01Z,2,-1.810,-1.480,4393.790,4394.120,0.25,0.250,0.080,0.250,trailing
2026-09-09T20:41:03Z,2026-09-09T20:43:35Z,2,-1.240,-0.720,4399.360,4400.080,0.72,0.720,0,0.720,state-force-close
2026-09-10T16:52:40Z,2026-09-10T16:53:45Z,2,-0.835,-1.575,4363.065,4361.925,-1.22,-1.220,0.080,-1.220,z_revert
2026-09-10T17:13:50Z,2026-09-10T17:14:55Z,2,-3.015,-1.055,4363.185,4362.345,-0.92,-0.920,0.080,-0.920,z_revert
2026-09-10T17:35:02Z,2026-09-10T17:36:17Z,2,-0.925,-0.845,4362.775,4363.355,0.5,0.500,0.080,0.500,trailing
2026-09-11T00:00:09Z,2026-09-11T00:00:43Z,2,-1.460,-1.335,4314.140,4314.665,0.89,0.890,0.160,0.890,trailing
2026-09-11T00:20:45Z,2026-09-11T00:21:48Z,2,-1.570,-0.505,4319.530,4319.895,0.57,0.570,0.160,0.570,trailing
2026-09-11T00:41:50Z,2026-09-11T00:42:29Z,2,-2.895,-0.165,4321.705,4322.435,1.3,1.300,0.160,1.300,z_revert
2026-09-11T01:02:33Z,2026-09-11T01:03:00Z,2,1.830,2.465,4335.630,4336.265,1.11,1.110,0.160,1.110,trailing
2026-09-11T01:23:03Z,2026-09-11T01:24:26Z,2,-1.955,-4.250,4326.945,4323.850,-6.35,-6.350,0.160,-6.350,max_loss
2026-09-11T01:44:29Z,2026-09-11T01:44:47Z,2,-2.035,-1.415,4324.665,4325.285,1.08,1.080,0.160,1.080,trailing
2026-09-11T02:05:05Z,2026-09-11T02:06:35Z,2,1.135,-3.730,4333.435,4329.970,-7.09,-7.090,0.160,-7.090,max_loss
2026-09-11T02:26:37Z,2026-09-11T02:28:26Z,2,-1.310,1.420,4325.490,4326.820,2.5,2.500,0.160,2.500,z_revert
2026-09-11T02:48:29Z,2026-09-11T02:48:40Z,2,0.930,1.260,4320.730,4321.060,0.5,0.500,0.160,0.500,trailing
2026-09-11T03:08:45Z,2026-09-11T03:09:23Z,2,1.135,1.545,4317.535,4317.945,0.66,0.660,0.160,0.660,z_revert
2026-09-11T16:15:25Z,2026-09-11T16:15:56Z,2,-5.025,0.035,4360.475,4362.235,3.36,3.360,0.160,3.360,profit_target
2026-09-11T16:36:21Z,2026-09-11T16:38:04Z,2,-3.845,1.350,4361.955,4362.750,1.43,1.430,0.160,1.430,z_revert
2026-09-11T16:58:32Z,2026-09-11T17:00:38Z,2,-0.920,-0.645,4363.080,4362.155,-1.85,-1.850,0,-1.850,state-force-close
2026-09-11T17:21:12Z,2026-09-11T17:22:31Z,2,-1.285,1.010,4367.515,4368.210,1.23,1.230,0.160,1.230,z_revert
2026-09-11T17:42:35Z,2026-09-11T17:43:58Z,2,-1.235,-0.465,4361.165,4362.035,1.58,1.580,0.160,1.580,trailing
2026-09-11T18:03:59Z,2026-09-11T18:08:05Z,2,-1.485,-2.500,4359.115,4356.100,-6.19,-6.190,0.160,-6.190,max_loss
2026-09-11T18:28:07Z,2026-09-11T18:28:30Z,2,0.930,0.255,4350.930,4351.255,0.49,0.490,0.160,0.490,trailing
2026-09-11T18:48:52Z,2026-09-11T18:50:55Z,2,-2.295,-0.070,4344.905,4346.130,2.45,2.450,0,2.450,state-force-close
2026-09-11T19:10:57Z,2026-09-11T19:12:08Z,2,-0.760,1.280,4348.040,4350.180,4.12,4.120,0.160,4.120,profit_target
2026-09-11T19:32:11Z,2026-09-11T19:34:48Z,2,-1.510,-0.135,4347.090,4346.565,-1.05,-1.050,0,-1.050,state-force-close
2026-09-11T19:55:09Z,2026-09-11T19:57:13Z,2,1.240,-0.375,4346.240,4346.625,0.77,0.770,0,0.770,state-force-close
2026-09-11T20:17:17Z,2026-09-11T20:19:22Z,2,-1.655,-0.670,4347.445,4347.830,0.77,0.770,0,0.770,state-force-close
2026-09-11T20:39:34Z,2026-09-11T20:45:03Z,2,-1.225,-0.605,4348.675,4346.595,-4.16,-4.160,0,-4.160,state-force-close
2026-09-14T04:09:04Z,2026-09-14T04:09:51Z,2,-1.905,-0.010,4329.195,4330.290,2.03,2.030,0.160,2.030,trailing
2026-09-14T04:30:39Z,2026-09-14T04:33:11Z,2,-1.655,-1.040,4330.945,4329.460,-2.97,-2.970,0,-2.970,state-force-close
2026-09-14T04:54:28Z,2026-09-14T04:54:47Z,2,-1.705,-0.880,4326.295,4327.120,1.49,1.490,0.160,1.490,trailing
2026-09-14T05:16:53Z,2026-09-14T05:19:13Z,2,-1.300,-0.920,4331.200,4329.880,-2.64,-2.640,0,-2.640,state-force-close
2026-09-14T05:39:32Z,2026-09-14T05:40:26Z,2,1.805,-2.830,4337.105,4333.470,-7.43,-7.430,0.160,-7.430,max_loss
2026-09-14T06:00:41Z,2026-09-14T06:01:38Z,2,-1.410,0.880,4337.090,4338.280,2.22,2.220,0.160,2.220,z_revert
2026-09-14T06:21:40Z,2026-09-14T06:23:35Z,2,-1.845,-0.120,4328.255,4328.680,0.69,0.690,0.160,0.690,z_revert
2026-09-14T06:43:38Z,2026-09-14T06:44:41Z,2,-1.485,0.890,4325.815,4327.490,3.19,3.190,0.160,3.190,profit_target
2026-09-14T07:05:13Z,2026-09-14T07:06:00Z,2,-1.610,-0.760,4320.890,4321.740,1.54,1.540,0.160,1.540,trailing
2026-09-14T07:28:24Z,2026-09-14T07:30:29Z,2,-1.650,-0.990,4318.850,4316.710,-4.28,-4.280,0,-4.280,state-force-close
2026-09-14T07:50:49Z,2026-09-14T07:51:44Z,2,-1.455,-3.715,4317.545,4314.085,-7.08,-7.080,0.160,-7.080,max_loss
2026-09-14T08:11:47Z,2026-09-14T08:13:34Z,2,-1.805,0.095,4315.095,4315.195,0.04,0.040,0.160,0.040,z_revert
2026-09-14T08:36:24Z,2026-09-14T08:37:11Z,2,-1.555,-1.475,4313.245,4313.525,0.4,0.400,0.160,0.400,trailing
2026-09-14T08:57:18Z,2026-09-14T08:58:09Z,2,-1.505,-1.190,4303.595,4304.610,1.87,1.870,0.160,1.870,trailing
2026-09-14T09:18:27Z,2026-09-14T09:19:06Z,2,-3.030,-15.010,4299.170,4287.190,-24.12,-24.120,0.160,-24.120,max_loss
2026-09-14T09:39:09Z,2026-09-14T09:39:20Z,2,-4.530,-5.235,4283.170,4280.065,-6.37,-6.370,0.160,-6.370,max_loss
2026-09-14T09:59:51Z,2026-09-14T10:00:19Z,2,-1.480,-1.160,4284.720,4285.240,0.88,0.880,0.160,0.880,trailing
2026-09-14T10:20:28Z,2026-09-14T10:21:35Z,2,-2.075,-1.815,4289.125,4286.185,-6.04,-6.040,0.160,-6.040,max_loss
2026-09-14T10:43:20Z,2026-09-14T10:44:53Z,2,-1.205,-0.025,4294.195,4294.375,0.2,0.200,0.160,0.200,z_revert
2026-09-14T11:05:27Z,2026-09-14T11:06:22Z,2,-1.630,-0.240,4296.270,4296.360,0.02,0.020,0.160,0.020,z_revert
2026-09-14T11:27:03Z,2026-09-14T11:29:07Z,2,-1.440,-1.170,4296.260,4296.130,-0.26,-0.260,0,-0.260,state-force-close
2026-09-14T11:50:31Z,2026-09-14T11:52:18Z,2,-1.955,-1.600,4292.345,4289.400,-6.05,-6.050,0.160,-6.050,max_loss
2026-09-14T12:13:01Z,2026-09-14T12:15:04Z,2,-1.420,0.370,4295.780,4295.170,-1.22,-1.220,0,-1.220,state-force-close
2026-09-14T18:21:55Z,2026-09-14T18:24:11Z,2,-1.825,-0.505,4310.775,4308.895,-3.76,-3.760,0,-3.760,state-force-close
2026-09-14T18:46:44Z,2026-09-14T18:51:31Z,2,-2.100,-1.330,4308.100,4305.170,-6.02,-6.020,0.160,-6.020,max_loss
2026-09-14T19:15:14Z,2026-09-14T19:19:12Z,2,-1.815,-1.630,4305.285,4302.170,-6.39,-6.390,0.160,-6.390,max_loss
2026-09-14T19:39:15Z,2026-09-14T19:48:29Z,2,-2.030,-2.575,4292.270,4288.325,-4.03,-4.030,0.080,-4.030,max_loss
2026-09-14T20:08:31Z,2026-09-14T20:10:30Z,2,-1.970,-0.285,4285.030,4286.715,1.61,1.610,0.080,1.610,profit_target
2026-09-14T20:31:13Z,2026-09-14T20:34:10Z,2,-0.990,-1.335,4298.210,4299.265,0.98,0.980,0.080,0.980,trailing
2026-09-14T20:55:22Z,2026-09-14T22:01:48Z,2,-0.180,-0.905,4298.620,4300.395,1.7,1.700,0.080,1.700,profit_target
2026-09-14T22:22:24Z,2026-09-14T22:22:42Z,2,-0.310,0.190,4297.390,4297.890,0.42,0.420,0.080,0.420,trailing
2026-09-14T22:43:08Z,2026-09-14T23:04:37Z,2,-0.590,-2.510,4296.910,4293.390,-3.6,-3.600,0.080,-3.600,max_loss
2026-09-14T23:24:41Z,2026-09-14T23:32:04Z,2,-0.585,-0.170,4290.715,4291.330,0.53,0.530,0.080,0.530,trailing
2026-09-14T23:52:56Z,2026-09-14T23:55:40Z,2,-1.660,-0.635,4288.040,4288.165,0.04,0.040,0.080,0.040,z_revert
2026-09-15T00:17:08Z,2026-09-15T00:17:43Z,2,-0.605,-0.250,4287.695,4288.450,0.68,0.680,0.080,0.680,trailing
2026-09-15T00:39:21Z,2026-09-15T00:39:28Z,2,-0.220,2.255,4288.180,4290.655,2.39,2.390,0.080,2.390,profit_target
2026-09-15T00:59:32Z,2026-09-15T00:59:39Z,1,-0.630,0.045,4293.170,4293.845,0.6,0.600,0.080,0.600,z_revert
2026-09-15T01:20:29Z,2026-09-15T01:27:51Z,2,-1.465,-1.715,4303.835,4300.685,-3.23,-3.230,0.080,-3.230,max_loss
2026-09-15T01:49:05Z,2026-09-15T01:50:32Z,2,0.415,-3.495,4301.615,4297.805,-3.89,-3.890,0.080,-3.890,max_loss
2026-09-15T02:10:43Z,2026-09-15T02:12:47Z,2,-2.045,0.515,4306.655,4307.015,0.28,0.280,0.080,0.280,z_revert
2026-09-15T02:34:34Z,2026-09-15T02:38:17Z,2,-0.135,0.465,4311.865,4314.165,2.22,2.220,0.080,2.220,profit_target
2026-09-15T02:59:26Z,2026-09-15T03:01:35Z,2,-0.195,-2.575,4313.805,4310.825,-3.06,-3.060,0.080,-3.060,max_loss
2026-09-15T03:23:10Z,2026-09-15T03:26:18Z,2,-0.150,-1.455,4313.250,4310.145,-3.18,-3.180,0.080,-3.180,max_loss
2026-09-15T03:46:25Z,2026-09-15T03:47:09Z,2,-1.525,0.245,4308.275,4310.045,1.69,1.690,0.080,1.690,profit_target
2026-09-15T04:07:58Z,2026-09-15T04:08:05Z,1,-1.710,-0.930,4302.790,4303.570,0.7,0.700,0.080,0.700,z_revert
2026-09-15T04:28:11Z,2026-09-15T04:30:59Z,2,-0.745,-1.055,4303.555,4303.645,0.01,0.010,0.080,0.010,z_revert
2026-09-15T04:52:00Z,2026-09-15T04:52:46Z,2,-1.665,-0.595,4305.335,4305.705,0.29,0.290,0.080,0.290,z_revert
2026-09-15T05:12:50Z,2026-09-15T05:22:01Z,2,-1.075,-3.205,4301.125,4297.895,-3.31,-3.310,0.080,-3.310,max_loss
2026-09-15T05:43:50Z,2026-09-15T05:44:13Z,2,-2.580,-0.125,4294.520,4295.975,1.37,1.370,0.080,1.370,z_revert
2026-09-15T06:04:16Z,2026-09-15T06:06:10Z,2,-1.850,-5.020,4291.250,4287.880,-3.45,-3.450,0.080,-3.450,max_loss
2026-09-15T06:26:51Z,2026-09-15T06:28:14Z,2,-1.410,-0.150,4287.690,4288.750,0.98,0.980,0.080,0.980,z_revert
2026-09-15T06:48:58Z,2026-09-15T06:51:01Z,2,-0.425,-0.535,4292.275,4292.965,0.61,0.610,0.080,0.610,trailing
2026-09-15T07:11:13Z,2026-09-15T07:16:43Z,2,-2.315,1.630,4289.585,4291.430,1.77,1.770,0.080,1.770,profit_target
2026-09-15T07:36:47Z,2026-09-15T07:41:10Z,2,-2.845,-2.680,4287.255,4284.220,-3.11,-3.110,0.080,-3.110,max_loss
2026-09-15T08:02:01Z,2026-09-15T08:03:07Z,2,-3.010,-4.430,4273.290,4270.170,-3.2,-3.200,0.080,-3.200,max_loss
2026-09-15T08:24:16Z,2026-09-15T08:27:19Z,2,-1.670,0.010,4272.230,4272.910,0.6,0.600,0.080,0.600,trailing
2026-09-15T08:48:38Z,2026-09-15T08:50:15Z,2,-2.910,0.240,4266.690,4267.740,0.97,0.970,0.080,0.970,z_revert
2026-09-15T09:10:44Z,2026-09-15T09:11:30Z,2,-2.205,0.255,4264.595,4265.155,0.48,0.480,0.080,0.480,z_revert
2026-09-15T09:32:22Z,2026-09-15T09:35:10Z,2,-1.865,0.155,4266.135,4266.355,0.14,0.140,0.080,0.140,z_revert
2026-09-15T09:58:06Z,2026-09-15T09:59:25Z,2,-2.205,-0.620,4268.495,4268.680,0.11,0.110,0.080,0.110,z_revert
2026-09-15T10:22:41Z,2026-09-15T10:23:04Z,2,-2.005,-0.080,4270.795,4272.720,1.85,1.850,0.080,1.850,profit_target
2026-09-15T10:43:09Z,2026-09-15T10:51:15Z,2,1.160,-0.880,4277.160,4279.020,1.78,1.780,0.080,1.780,profit_target
2026-09-15T11:12:59Z,2026-09-15T11:16:51Z,2,0.350,-0.165,4283.550,4284.735,1.1,1.100,0.080,1.100,trailing
2026-09-15T11:38:10Z,2026-09-15T11:43:40Z,2,-2.260,-0.775,4282.040,4282.825,0.7,0.700,0.080,0.700,trailing
2026-09-15T12:04:29Z,2026-09-15T12:05:16Z,2,0.470,-1.350,4283.570,4284.350,0.7,0.700,0.080,0.700,trailing
2026-09-15T12:25:34Z,2026-09-15T12:25:45Z,2,-0.595,-0.295,4273.905,4274.205,0.22,0.220,0.080,0.220,trailing
2026-09-15T12:45:50Z,2026-09-15T12:48:52Z,2,1.860,2.730,4284.160,4287.030,2.79,2.790,0.080,2.790,profit_target
2026-09-15T13:10:47Z,2026-09-15T13:11:22Z,2,0.770,0.820,4287.070,4289.320,2.17,2.170,0.080,2.170,profit_target
2026-09-15T13:31:33Z,2026-09-15T13:31:40Z,2,0.515,2.225,4289.515,4291.225,1.63,1.630,0.080,1.630,profit_target
2026-09-15T13:52:26Z,2026-09-15T13:59:08Z,2,0.650,2.405,4296.450,4298.405,1.87,1.870,0.080,1.870,profit_target
2026-09-15T14:20:18Z,2026-09-15T14:21:28Z,2,-0.920,-1.485,4294.080,4291.015,-3.14,-3.140,0.080,-3.140,max_loss
2026-09-15T14:42:13Z,2026-09-15T14:44:13Z,2,0.110,-0.485,4278.110,4278.815,0.62,0.620,0.080,0.620,trailing
2026-09-15T15:04:15Z,2026-09-15T15:05:14Z,2,-1.050,-1.005,4282.150,4282.995,0.77,0.770,0.080,0.770,trailing
2026-09-15T15:25:30Z,2026-09-15T15:34:08Z,2,-0.320,-3.285,4286.080,4283.015,-3.14,-3.140,0.080,-3.140,max_loss
2026-09-15T15:54:15Z,2026-09-15T15:55:18Z,2,-0.080,-1.985,4292.120,4289.015,-3.18,-3.180,0.080,-3.180,max_loss
2026-09-15T16:15:23Z,2026-09-15T16:15:58Z,2,-1.080,-0.625,4286.320,4286.775,0.37,0.370,0.080,0.370,z_revert
2026-09-15T16:37:47Z,2026-09-15T16:38:14Z,2,-1.410,-0.745,4294.790,4295.555,0.69,0.690,0.080,0.690,trailing
2026-09-15T17:01:18Z,2026-09-15T17:03:04Z,2,-0.410,-3.710,4296.690,4293.590,-3.18,-3.180,0.080,-3.180,max_loss
2026-09-15T17:23:08Z,2026-09-15T17:24:07Z,2,-2.375,-0.325,4293.125,4293.875,0.67,0.670,0.080,0.670,z_revert
2026-09-15T17:45:37Z,2026-09-15T17:48:10Z,2,-0.215,-0.400,4294.185,4295.100,0.83,0.830,0.080,0.830,trailing
2026-09-15T18:09:36Z,2026-09-15T18:10:58Z,2,-1.250,-0.360,4297.150,4297.440,0.21,0.210,0.080,0.210,z_revert
2026-09-15T18:31:04Z,2026-09-15T18:32:06Z,2,-3.145,-0.335,4302.855,4303.465,0.53,0.530,0.080,0.530,z_revert
2026-09-15T18:54:05Z,2026-09-15T19:00:56Z,2,-1.775,0.550,4308.525,4310.250,1.73,1.730,0,1.730,profit_target
2026-09-15T19:23:09Z,2026-09-15T19:24:24Z,2,-42.935,-39.655,4300.165,4300.945,0.61,0.610,0.170,0.610,trailing
2026-09-15T19:48:39Z,2026-09-15T19:53:21Z,2,-39.610,-40.755,4299.090,4296.045,-3.22,-3.220,0.170,-3.220,max_loss
2026-09-15T20:15:32Z,2026-09-15T20:34:01Z,2,-39.405,-41.500,4296.095,4293.300,-3.04,-3.040,0.240,-3.040,max_loss
2026-09-15T20:54:14Z,2026-09-15T20:55:36Z,2,-40.330,-39.010,4292.770,4293.390,0.32,0.320,0.300,0.320,z_revert
2026-09-16T15:48:16Z,2026-09-16T15:48:44Z,2,-37.645,-38.735,4356.155,4353.965,-2.36,-2.360,0.170,-2.360,price_anomaly
2026-09-16T16:11:44Z,2026-09-16T16:12:09Z,2,-43.895,-43.545,4349.405,4350.255,0.66,0.660,0.190,0.660,trailing
2026-09-16T16:37:35Z,2026-09-16T16:38:58Z,2,-41.385,-40.055,4346.215,4346.545,0.14,0.140,0.190,0.140,z_revert
2026-09-16T17:00:27Z,2026-09-16T17:01:30Z,2,-40.730,-42.250,4346.770,4343.950,-3.04,-3.040,0.220,-3.040,max_loss
2026-09-16T17:19:05Z,2026-09-16T17:20:04Z,2,-41.280,-40.260,4344.120,4344.840,0.58,0.580,0.140,0.580,trailing
2026-09-16T17:40:45Z,2026-09-16T17:41:22Z,2,-44.715,-43.375,4344.685,4345.125,0.31,0.310,0.130,0.310,z_revert
2026-09-16T18:04:08Z,2026-09-16T18:04:26Z,2,-61.475,-64.795,4329.425,4326.605,-3.01,-3.010,0.190,-3.010,max_loss
2026-09-16T18:22:24Z,2026-09-16T18:22:34Z,2,-36.805,-33.205,4319.695,4320.295,0.43,0.430,0.170,0.430,z_revert
2026-09-16T18:40:49Z,2026-09-16T18:41:03Z,2,-70.825,-66.335,4287.175,4288.265,0.94,0.940,0.150,0.940,trailing
2026-09-16T19:04:36Z,2026-09-16T19:04:43Z,2,-28.600,-34.275,4280.300,4274.925,-5.54,-5.540,0.170,-5.540,max_loss
2026-09-16T19:21:55Z,2026-09-16T19:22:32Z,2,-31.685,-33.960,4250.415,4247.340,-3.21,-3.210,0.140,-3.210,max_loss
2026-09-16T19:40:08Z,2026-09-16T19:40:29Z,2,-29.450,-30.635,4263.450,4264.365,0.74,0.740,0.170,0.740,price_anomaly
2026-09-16T20:03:23Z,2026-09-16T20:05:55Z,2,-38.585,-40.930,4273.115,4270.470,-3.12,-3.120,0.480,-3.120,max_loss
2026-09-16T20:27:32Z,2026-09-16T20:27:46Z,2,-46.095,-46.065,4258.905,4259.535,0.46,0.460,0.170,0.460,z_revert
2026-09-16T22:21:33Z,2026-09-16T22:26:58Z,2,-36.055,-31.385,4261.445,4263.315,1.68,1.680,0.190,1.680,profit_target
2026-09-16T22:47:03Z,2026-09-16T22:49:29Z,2,-36.525,-42.040,4273.575,4270.860,-3.2,-3.200,0.480,-3.200,max_loss
2026-09-16T23:09:36Z,2026-09-16T23:11:46Z,2,-42.860,-35.625,4264.740,4266.775,1.86,1.860,0.170,1.860,profit_target
2026-09-16T23:31:54Z,2026-09-16T23:36:27Z,2,-36.845,-38.160,4272.855,4269.840,-3.19,-3.190,0.180,-3.190,max_loss
2026-09-16T23:56:34Z,2026-09-17T00:00:27Z,2,-37.540,-43.955,4273.060,4269.345,-3.91,-3.910,0.190,-3.910,max_loss
2026-09-17T00:20:39Z,2026-09-17T00:20:52Z,2,-30.370,-29.620,4286.530,4287.980,1.23,1.230,0.220,1.230,price_anomaly
2026-09-17T00:43:43Z,2026-09-17T00:43:59Z,2,-35.385,-36.800,4289.715,4290.300,0.39,0.390,0.200,0.390,z_revert
2026-09-17T01:02:26Z,2026-09-17T01:02:40Z,2,-25.530,-24.505,4293.770,4294.095,0.15,0.150,0.170,0.150,trailing
2026-09-17T01:25:18Z,2026-09-17T01:25:58Z,2,-26.525,-24.095,4310.075,4312.605,2.36,2.360,0.170,2.360,profit_target
2026-09-17T01:44:43Z,2026-09-17T01:46:09Z,2,-40.955,-46.755,4310.145,4307.145,-3.17,-3.170,0.170,-3.170,max_loss
2026-09-17T02:08:40Z,2026-09-17T02:09:37Z,2,-47.545,-49.935,4290.455,4287.465,-3.18,-3.180,0.190,-3.180,max_loss
2026-09-17T02:31:28Z,2026-09-17T02:31:56Z,2,-42.665,-41.625,4287.935,4288.675,0.57,0.570,0.170,0.570,trailing
2026-09-17T02:53:44Z,2026-09-17T02:55:03Z,2,-50.410,-51.630,4278.190,4274.970,-3.44,-3.440,0.220,-3.440,max_loss
2026-09-17T03:14:34Z,2026-09-17T03:14:42Z,1,-37.095,-36.680,4283.205,4283.820,0.41,0.410,0.200,0.410,z_revert
2026-09-17T03:33:18Z,2026-09-17T03:42:05Z,2,-29.805,-35.425,4291.695,4293.575,1.71,1.710,0.170,1.710,profit_target
2026-09-17T04:04:13Z,2026-09-17T04:04:22Z,1,-39.950,-40.140,4294.650,4294.860,0.03,0.030,0.180,0.030,z_revert
2026-09-17T04:23:50Z,2026-09-17T04:25:53Z,2,-37.015,-40.175,4294.685,4291.825,-3.03,-3.030,0.170,-3.030,max_loss
2026-09-17T04:46:34Z,2026-09-17T04:51:40Z,2,-32.480,-37.170,4298.520,4295.730,-3.01,-3.010,0.220,-3.010,max_loss
2026-09-17T05:11:52Z,2026-09-17T05:13:10Z,2,-42.145,-41.865,4294.955,4295.335,0.21,0.210,0.170,0.210,z_revert
2026-09-17T05:36:00Z,2026-09-17T05:36:49Z,2,-30.250,-32.885,4295.650,4292.815,-3.01,-3.010,0.170,-3.010,max_loss
2026-09-17T05:54:53Z,2026-09-17T05:56:12Z,2,-32.455,-31.005,4303.645,4304.695,0.88,0.880,0.170,0.880,trailing
2026-09-17T06:16:20Z,2026-09-17T06:22:33Z,2,-40.340,-41.510,4306.460,4308.690,2.01,2.010,0.220,2.010,profit_target
2026-09-17T06:43:21Z,2026-09-17T06:45:18Z,2,-42.625,-41.400,4308.975,4309.800,0.62,0.620,0.200,0.620,trailing
2026-09-17T07:03:34Z,2026-09-17T07:03:47Z,2,-36.590,-36.630,4311.610,4312.570,0.74,0.740,0.220,0.740,trailing
2026-09-17T07:24:40Z,2026-09-17T07:25:33Z,2,-37.400,-39.965,4324.400,4325.035,0.45,0.450,0.190,0.450,trailing
2026-09-17T07:44:06Z,2026-09-17T07:44:15Z,1,-41.915,-42.365,4330.485,4330.635,0.02,0.020,0.130,0.020,z_revert
2026-09-17T08:02:43Z,2026-09-17T08:11:15Z,2,-42.630,-42.385,4327.370,4324.415,-3.08,-3.080,0.130,-3.080,max_loss
2026-09-17T08:31:36Z,2026-09-17T08:31:48Z,2,-42.235,-40.880,4314.665,4315.120,0.27,0.270,0.180,0.270,z_revert
2026-09-17T08:53:45Z,2026-09-17T08:54:00Z,2,-40.870,-39.550,4312.430,4314.050,1.46,1.460,0.160,1.460,profit_target
2026-09-17T09:17:00Z,2026-09-17T09:18:18Z,2,-41.265,-40.360,4313.735,4314.140,0.19,0.190,0.220,0.190,z_revert
2026-09-17T09:38:24Z,2026-09-17T09:40:05Z,2,-37.815,-36.710,4308.685,4308.890,0.06,0.060,0.140,0.060,trailing
2026-09-17T09:59:43Z,2026-09-17T10:00:44Z,2,-41.205,-42.515,4306.395,4306.685,0.16,0.160,0.130,0.160,z_revert
2026-09-17T13:48:07Z,2026-09-17T13:48:40Z,2,-39.625,-40.455,4367.575,4364.545,-3.16,-3.160,0.130,-3.160,max_loss
2026-09-17T14:06:53Z,2026-09-17T14:06:59Z,2,-35.480,-35.170,4373.820,4374.530,0.53,0.530,0.180,0.530,price_anomaly
2026-09-17T14:29:11Z,2026-09-17T14:30:27Z,2,-40.305,-43.070,4368.095,4364.930,-3.38,-3.380,0.220,-3.380,max_loss
2026-09-17T14:48:06Z,2026-09-17T14:48:14Z,1,-45.455,-44.460,4359.745,4361.240,1.33,1.330,0.160,1.330,z_revert
2026-09-17T15:07:08Z,2026-09-17T15:07:30Z,2,-37.875,-37.220,4357.425,4357.780,0.13,0.130,0.220,0.130,trailing
2026-09-17T15:27:50Z,2026-09-17T15:28:47Z,2,-45.905,-46.520,4358.095,4358.280,0.0,0.000,0.180,0.000,z_revert
2026-09-17T15:50:53Z,2026-09-17T15:51:23Z,2,-40.105,-38.820,4364.495,4365.280,0.6,0.600,0.180,0.600,z_revert
2026-09-17T16:09:33Z,2026-09-17T16:10:20Z,2,-39.550,-39.875,4369.350,4369.825,0.3,0.300,0.170,0.300,trailing
2026-09-17T16:31:37Z,2026-09-17T16:32:44Z,2,-41.320,-43.940,4365.180,4362.660,-3.0,-3.000,0.480,-3.000,max_loss
2026-09-17T16:52:30Z,2026-09-17T16:52:37Z,2,-41.375,-41.795,4357.325,4357.505,0.05,0.050,0.130,0.050,z_revert
2026-09-17T17:14:22Z,2026-09-17T17:16:48Z,2,-36.005,-43.640,4363.295,4360.460,-3.06,-3.060,0.220,-3.060,max_loss
2026-09-17T17:37:01Z,2026-09-17T17:37:16Z,2,-39.425,-38.525,4361.875,4362.175,0.17,0.170,0.130,0.170,z_revert
2026-09-17T17:58:29Z,2026-09-17T18:04:59Z,2,-37.845,-36.865,4361.155,4363.035,1.69,1.690,0.190,1.690,profit_target
2026-09-17T18:28:03Z,2026-09-17T18:30:39Z,2,-45.145,-45.480,4358.355,4355.220,-3.35,-3.350,0.220,-3.350,max_loss
2026-09-17T18:50:55Z,2026-09-17T18:51:46Z,2,-40.325,-40.085,4351.075,4351.715,0.45,0.450,0.190,0.450,z_revert
2026-09-17T19:12:15Z,2026-09-17T19:12:43Z,2,-40.005,-38.995,4354.695,4355.005,0.1,0.100,0.210,0.100,z_revert
2026-09-17T19:31:40Z,2026-09-17T19:36:03Z,2,-42.565,-45.280,4346.535,4343.120,-3.59,-3.590,0.180,-3.590,max_loss
2026-09-17T19:56:18Z,2026-09-17T20:02:01Z,2,-38.100,-40.580,4348.000,4345.220,-3.26,-3.260,0.480,-3.260,max_loss
2026-09-17T20:22:27Z,2026-09-17T20:38:41Z,2,-38.715,-42.425,4343.785,4340.875,-3.06,-3.060,0.150,-3.060,max_loss
2026-09-17T22:10:24Z,2026-09-17T22:13:13Z,2,-39.750,-37.680,4342.450,4344.320,1.63,1.630,0.240,1.630,profit_target
2026-09-17T22:35:16Z,2026-09-17T22:36:37Z,2,-33.660,-32.220,4347.840,4349.080,0.76,0.760,0.480,0.760,trailing
2026-09-17T22:59:40Z,2026-09-17T23:06:24Z,2,-36.380,-41.350,4344.620,4341.450,-3.35,-3.350,0.180,-3.350,max_loss
2026-09-17T23:26:39Z,2026-09-17T23:53:24Z,2,-38.555,-36.430,4344.345,4346.470,1.91,1.910,0.220,1.910,profit_target
2026-09-18T00:15:24Z,2026-09-18T00:16:14Z,2,-31.435,-28.745,4352.865,4353.955,0.92,0.920,0.170,0.920,trailing
2026-09-18T00:38:51Z,2026-09-18T00:46:15Z,2,-31.440,-41.050,4360.060,4356.650,-3.63,-3.630,0.220,-3.630,max_loss
2026-09-18T01:07:20Z,2026-09-18T01:08:53Z,2,-29.505,-31.900,4365.195,4362.400,-3.02,-3.020,0.220,-3.020,max_loss
2026-09-18T01:29:32Z,2026-09-18T01:32:11Z,2,-38.025,-46.585,4359.075,4355.815,-3.43,-3.430,0.170,-3.430,max_loss
2026-09-18T01:53:19Z,2026-09-18T01:54:01Z,2,-38.980,-37.640,4348.420,4350.060,1.42,1.420,0.220,1.420,profit_target
2026-09-18T02:17:44Z,2026-09-18T02:21:07Z,2,-37.755,-37.450,4351.445,4348.550,-3.09,-3.090,0.200,-3.090,max_loss
2026-09-18T02:41:44Z,2026-09-18T02:46:57Z,2,-41.155,-38.915,4352.545,4354.985,2.27,2.270,0.170,2.270,profit_target
2026-09-18T03:08:39Z,2026-09-18T03:09:17Z,2,-34.855,-38.655,4349.145,4346.145,-3.19,-3.190,0.190,-3.190,max_loss
2026-09-18T03:28:09Z,2026-09-18T03:30:13Z,2,-37.895,-34.110,4339.205,4341.590,2.17,2.170,0.220,2.170,profit_target
2026-09-18T03:50:52Z,2026-09-18T04:04:27Z,2,-32.635,-35.905,4358.765,4360.695,1.76,1.760,0.170,1.760,profit_target
2026-09-18T04:24:32Z,2026-09-18T04:29:20Z,2,-41.925,-35.855,4355.775,4357.645,1.7,1.700,0.170,1.700,profit_target
2026-09-18T04:52:25Z,2026-09-18T04:57:25Z,2,-37.170,-37.510,4363.530,4365.990,2.24,2.240,0.220,2.240,profit_target
2026-09-18T05:17:30Z,2026-09-18T05:26:22Z,2,-36.810,-39.750,4368.390,4365.750,-3.12,-3.120,0.480,-3.120,max_loss
2026-09-18T05:46:35Z,2026-09-18T05:49:47Z,2,-27.520,-40.105,4376.280,4372.295,-4.15,-4.150,0.170,-4.150,max_loss
2026-09-18T06:10:32Z,2026-09-18T06:15:42Z,2,-31.265,-34.100,4389.235,4386.100,-3.29,-3.290,0.160,-3.290,max_loss
2026-09-18T06:35:47Z,2026-09-18T06:41:26Z,2,-38.850,-35.170,4393.450,4396.430,2.8,2.800,0.180,2.800,profit_target
2026-09-18T07:01:45Z,2026-09-18T07:08:21Z,2,-39.400,-38.620,4392.800,4395.080,2.1,2.100,0.180,2.100,profit_target
2026-09-18T07:29:20Z,2026-09-18T07:30:34Z,2,-38.175,-37.835,4394.225,4395.965,1.59,1.590,0.150,1.590,profit_target
2026-09-18T07:51:32Z,2026-09-18T07:53:13Z,2,-33.135,-37.485,4398.465,4395.515,-3.14,-3.140,0.190,-3.140,max_loss
2026-09-18T08:11:47Z,2026-09-18T08:12:29Z,2,-43.260,-41.715,4391.740,4393.485,1.53,1.530,0.210,1.530,profit_target
2026-09-18T08:35:06Z,2026-09-18T08:53:05Z,2,-41.775,-35.400,4387.925,4390.200,2.07,2.070,0.200,2.070,profit_target
2026-09-18T09:13:11Z,2026-09-18T09:17:04Z,2,-37.045,-41.995,4396.955,4394.105,-3.02,-3.020,0.170,-3.020,max_loss
2026-09-18T09:37:11Z,2026-09-18T09:38:47Z,2,-41.740,-44.895,4385.460,4382.505,-3.12,-3.120,0.170,-3.120,max_loss
2026-09-18T09:57:30Z,2026-09-18T09:59:31Z,2,-39.925,-38.660,4376.375,4376.540,0.02,0.020,0.140,0.020,trailing
2026-09-18T10:22:58Z,2026-09-18T10:29:25Z,2,-40.040,-37.125,4379.060,4380.875,1.68,1.680,0.130,1.680,profit_target
2026-09-18T10:49:55Z,2026-09-18T10:58:14Z,2,-42.030,-37.130,4378.370,4380.270,1.76,1.760,0.140,1.760,profit_target
2026-09-18T11:18:20Z,2026-09-18T11:19:18Z,2,-41.555,-39.130,4381.845,4383.670,1.6,1.600,0.220,1.600,profit_target
2026-09-18T11:42:15Z,2026-09-18T11:43:42Z,2,-40.940,-45.020,4378.260,4375.180,-3.28,-3.280,0.200,-3.280,max_loss
2026-09-18T12:05:33Z,2026-09-18T12:05:45Z,2,-33.075,-36.250,4379.325,4376.250,-3.23,-3.230,0.160,-3.230,max_loss
2026-09-18T12:26:39Z,2026-09-18T12:27:10Z,2,-51.290,-54.510,4359.310,4356.190,-3.34,-3.340,0.220,-3.340,max_loss
2026-09-18T12:49:06Z,2026-09-18T12:50:37Z,2,-40.570,-39.920,4368.230,4368.480,0.03,0.030,0.220,0.030,trailing
2026-09-18T13:10:09Z,2026-09-18T13:16:54Z,2,-34.850,-37.160,4372.750,4374.640,1.67,1.670,0.220,1.670,profit_target
2026-09-18T13:38:04Z,2026-09-18T13:38:46Z,2,-45.160,-45.855,4357.840,4359.745,1.77,1.770,0.130,1.770,profit_target
2026-09-18T13:58:38Z,2026-09-18T14:02:39Z,2,-42.485,-41.260,4350.015,4352.040,1.84,1.840,0.180,1.840,profit_target
2026-09-18T14:22:57Z,2026-09-18T14:23:28Z,2,-42.440,-43.085,4350.460,4351.415,0.76,0.760,0.190,0.760,trailing
2026-09-18T14:41:22Z,2026-09-18T14:42:39Z,2,-31.085,-28.900,4352.615,4354.600,1.81,1.810,0.180,1.810,profit_target
2026-09-18T15:04:42Z,2026-09-18T15:09:41Z,2,-42.335,-40.330,4354.465,4351.370,-3.32,-3.320,0.220,-3.320,max_loss
2026-09-18T15:31:59Z,2026-09-18T15:38:51Z,2,-35.265,-39.740,4355.635,4352.660,-3.2,-3.200,0.220,-3.200,max_loss
2026-09-18T16:02:27Z,2026-09-18T16:05:19Z,2,-37.545,-33.580,4356.355,4358.520,1.97,1.970,0.200,1.970,profit_target
2026-09-18T16:26:52Z,2026-09-18T16:28:25Z,2,-32.565,-30.760,4368.835,4371.140,2.09,2.090,0.220,2.090,profit_target
2026-09-18T16:47:59Z,2026-09-18T16:50:17Z,2,-37.470,-37.865,4379.130,4381.135,1.82,1.820,0.190,1.820,profit_target
2026-09-18T17:10:26Z,2026-09-18T17:17:17Z,2,-36.250,-35.585,4386.050,4387.915,1.69,1.690,0.170,1.690,profit_target
2026-09-18T17:38:28Z,2026-09-18T17:42:59Z,2,-30.615,-29.370,4394.085,4396.230,1.92,1.920,0.220,1.920,profit_target
2026-09-18T18:03:05Z,2026-09-18T18:17:54Z,2,-40.605,-41.095,4392.595,4389.605,-3.12,-3.120,0.130,-3.120,max_loss
2026-09-18T18:42:06Z,2026-09-18T18:44:36Z,2,-41.570,-44.680,4384.330,4381.320,-3.23,-3.230,0.220,-3.230,max_loss
2026-09-18T19:04:49Z,2026-09-18T19:10:58Z,2,-36.890,-36.325,4383.010,4384.875,1.69,1.690,0.170,1.690,profit_target
2026-09-18T19:36:08Z,2026-09-18T19:37:14Z,2,-38.475,-36.685,4380.125,4381.115,0.86,0.860,0.130,0.860,trailing
2026-09-18T19:58:37Z,2026-09-18T20:00:21Z,2,-42.470,-44.840,4378.730,4375.860,-3.09,-3.090,0.220,-3.090,max_loss
2026-09-18T20:23:06Z,2026-09-18T20:37:35Z,2,-36.565,-40.080,4383.235,4380.320,-3.11,-3.110,0.200,-3.110,max_loss
2026-09-21T00:10:14Z,2026-09-21T00:13:51Z,2,-44.965,-43.710,4366.635,4363.890,-3.22,-3.220,0.480,-3.220,max_loss
2026-09-21T00:34:14Z,2026-09-21T00:36:12Z,2,-33.145,-34.445,4368.855,4371.155,2.13,2.130,0.170,2.130,profit_target
2026-09-21T00:56:53Z,2026-09-21T00:57:11Z,2,-43.955,-42.365,4364.845,4366.435,1.42,1.420,0.170,1.420,profit_target
2026-09-21T01:17:33Z,2026-09-21T01:18:02Z,2,-34.275,-33.525,4380.725,4382.875,1.98,1.980,0.170,1.980,profit_target
2026-09-21T01:38:11Z,2026-09-21T01:38:44Z,2,-35.470,-38.640,4378.830,4375.960,-3.35,-3.350,0.480,-3.350,max_loss
2026-09-21T01:59:52Z,2026-09-21T02:02:07Z,2,-40.915,-44.215,4377.285,4373.385,-4.07,-4.070,0.170,-4.070,max_loss
2026-09-21T02:23:28Z,2026-09-21T02:26:52Z,2,-45.725,-39.605,4363.875,4365.895,1.85,1.850,0.170,1.850,profit_target
2026-09-21T02:47:52Z,2026-09-21T02:55:02Z,2,-39.805,-38.895,4368.495,4365.405,-3.26,-3.260,0.170,-3.260,max_loss
2026-09-21T03:15:08Z,2026-09-21T03:19:04Z,2,-40.860,-33.480,4363.040,4365.120,1.88,1.880,0.200,1.880,profit_target
2026-09-21T03:39:13Z,2026-09-21T03:48:40Z,2,-30.320,-39.520,4367.180,4364.180,-3.48,-3.480,0.480,-3.480,max_loss
2026-09-21T04:08:51Z,2026-09-21T04:12:12Z,2,-37.545,-38.805,4357.855,4359.695,1.67,1.670,0.170,1.670,profit_target
2026-09-21T04:32:20Z,2026-09-21T04:35:45Z,2,-41.225,-38.995,4360.475,4362.305,1.62,1.620,0.210,1.620,profit_target
2026-09-21T04:56:42Z,2026-09-21T04:58:59Z,2,-40.280,-44.055,4358.320,4355.345,-3.14,-3.140,0.170,-3.140,max_loss
2026-09-21T05:21:16Z,2026-09-21T05:22:20Z,2,-34.340,-33.530,4356.960,4358.270,0.83,0.830,0.480,0.830,trailing
2026-09-21T05:41:14Z,2026-09-21T05:42:29Z,2,-41.045,-44.295,4357.255,4354.405,-3.02,-3.020,0.170,-3.020,max_loss
2026-09-21T06:03:29Z,2026-09-21T06:05:12Z,2,-40.290,-36.635,4352.010,4353.965,1.76,1.760,0.190,1.760,profit_target
2026-09-21T06:27:44Z,2026-09-21T06:36:25Z,2,-40.785,-33.765,4348.815,4350.935,1.99,1.990,0.130,1.990,profit_target
2026-09-21T06:56:33Z,2026-09-21T06:56:52Z,2,-39.170,-37.060,4352.230,4354.340,1.89,1.890,0.220,1.890,profit_target
2026-09-21T07:15:44Z,2026-09-21T07:17:06Z,2,-37.090,-36.920,4353.310,4355.080,1.55,1.550,0.220,1.550,profit_target
2026-09-21T07:39:01Z,2026-09-21T07:39:32Z,1,-34.855,-38.975,4353.345,4350.225,-3.33,-3.330,0.210,-3.330,max_loss
2026-09-21T08:00:48Z,2026-09-21T08:02:16Z,2,-39.040,-39.880,4345.260,4346.120,0.68,0.680,0.180,0.680,trailing
2026-09-21T08:21:17Z,2026-09-21T08:23:50Z,2,-33.725,-32.855,4352.875,4354.945,1.94,1.940,0.130,1.940,profit_target
2026-09-21T08:44:00Z,2026-09-21T08:44:57Z,2,-37.440,-34.695,4355.760,4357.705,1.79,1.790,0.150,1.790,profit_target
2026-09-21T09:06:41Z,2026-09-21T09:08:49Z,2,-37.305,-36.845,4351.895,4353.655,1.61,1.610,0.150,1.610,profit_target
2026-09-21T09:30:23Z,2026-09-21T09:32:29Z,2,-43.740,-49.125,4345.860,4341.675,-4.45,-4.450,0.270,-4.450,max_loss
2026-09-21T09:54:37Z,2026-09-21T09:57:51Z,2,-37.985,-40.885,4346.515,4343.515,-3.13,-3.130,0.130,-3.130,max_loss
2026-09-21T10:18:17Z,2026-09-21T10:20:12Z,2,-33.990,-36.390,4355.010,4352.110,-3.08,-3.080,0.180,-3.080,max_loss
2026-09-21T14:18:25Z,2026-09-21T14:21:06Z,2,-32.405,-39.165,4337.495,4334.635,-3.05,-3.050,0.190,-3.050,max_loss
2026-09-21T14:41:21Z,2026-09-21T14:43:47Z,2,-41.230,-45.325,4338.270,4334.875,-3.57,-3.570,0.170,-3.570,max_loss
2026-09-21T15:03:56Z,2026-09-21T15:05:02Z,2,-34.855,-33.430,4344.245,4346.370,1.93,1.930,0.200,1.930,profit_target
2026-09-21T15:27:18Z,2026-09-21T15:33:27Z,2,-38.125,-36.010,4350.475,4352.790,2.09,2.090,0.220,2.090,profit_target
2026-09-21T15:58:12Z,2026-09-21T16:03:27Z,2,-41.535,-35.430,4347.365,4350.070,2.52,2.520,0.180,2.520,profit_target
2026-09-21T16:24:28Z,2026-09-21T16:42:48Z,2,-38.705,-41.350,4350.995,4347.550,-3.62,-3.620,0.180,-3.620,max_loss
2026-09-21T17:03:01Z,2026-09-21T17:08:47Z,2,-38.000,-36.590,4343.600,4345.410,1.61,1.610,0.200,1.610,profit_target
2026-09-21T17:29:30Z,2026-09-21T17:31:27Z,2,-36.120,-38.700,4345.580,4341.900,-3.9,-3.900,0.220,-3.900,max_loss
2026-09-21T17:50:54Z,2026-09-21T17:53:13Z,2,-35.775,-35.185,4343.125,4344.915,1.64,1.640,0.150,1.640,profit_target
2026-09-21T18:13:45Z,2026-09-21T18:17:15Z,2,-33.970,-35.260,4349.930,4351.740,1.63,1.630,0.180,1.630,profit_target
2026-09-21T18:39:12Z,2026-09-21T18:52:45Z,2,-42.615,-36.245,4346.985,4348.755,1.6,1.600,0.170,1.600,profit_target
2026-09-21T19:12:52Z,2026-09-21T19:27:07Z,2,-36.130,-36.140,4345.870,4347.760,1.67,1.670,0.220,1.670,profit_target
2026-09-21T19:49:47Z,2026-09-21T20:00:23Z,2,-44.865,-40.720,4346.335,4343.480,-3.08,-3.080,0.220,-3.080,max_loss
2026-09-21T20:22:30Z,2026-09-21T20:52:48Z,2,-38.975,-36.710,4341.625,4343.590,1.67,1.670,0.300,1.670,profit_target
2026-09-21T22:10:20Z,2026-09-21T22:17:51Z,2,-34.835,-34.235,4349.365,4351.565,1.97,1.970,0.230,1.970,profit_target
2026-09-21T22:39:50Z,2026-09-21T22:45:22Z,2,-37.895,-34.680,4352.005,4354.320,2.07,2.070,0.240,2.070,profit_target
2026-09-21T23:05:49Z,2026-09-21T23:11:46Z,2,-36.015,-33.730,4363.985,4365.870,1.67,1.670,0.220,1.670,profit_target
2026-09-21T23:31:52Z,2026-09-21T23:37:08Z,2,-36.980,-34.035,4361.020,4363.365,2.15,2.150,0.190,2.150,profit_target
2026-09-21T23:58:43Z,2026-09-22T00:02:25Z,2,-36.605,-28.770,4370.095,4373.930,3.62,3.620,0.220,3.620,profit_target
2026-09-22T00:23:14Z,2026-09-22T00:24:03Z,2,-48.385,-47.985,4360.915,4361.415,0.33,0.330,0.170,0.330,trailing
2026-09-22T00:45:52Z,2026-09-22T00:47:54Z,2,-37.165,-36.460,4355.135,4355.840,0.48,0.480,0.220,0.480,trailing
2026-09-22T01:08:48Z,2026-09-22T01:09:58Z,2,-30.765,-35.345,4364.435,4361.555,-3.05,-3.050,0.170,-3.050,max_loss
2026-09-22T01:27:53Z,2026-09-22T01:29:55Z,2,-33.405,-34.010,4354.995,4356.890,1.7,1.700,0.200,1.700,profit_target
2026-09-22T01:50:42Z,2026-09-22T01:51:47Z,2,-48.905,-45.830,4344.095,4346.370,2.05,2.050,0.220,2.050,profit_target
2026-09-22T02:14:51Z,2026-09-22T02:20:20Z,2,-46.375,-35.720,4342.725,4344.880,1.93,1.930,0.220,1.930,profit_target
2026-09-22T02:41:32Z,2026-09-22T02:44:42Z,2,-37.350,-45.700,4350.450,4347.100,-3.57,-3.570,0.220,-3.570,max_loss
2026-09-22T03:05:13Z,2026-09-22T03:14:07Z,2,-36.455,-35.140,4342.345,4344.460,1.89,1.890,0.220,1.890,profit_target
2026-09-22T03:34:12Z,2026-09-22T03:39:48Z,2,-32.485,-34.435,4346.515,4348.765,2.08,2.080,0.170,2.080,profit_target
2026-09-22T03:59:55Z,2026-09-22T04:01:38Z,2,-38.820,-41.055,4341.780,4338.945,-3.01,-3.010,0.170,-3.010,max_loss
